"注文番号","ユーザー識別コード","お支払方法","注文状況","注文日時","支払い日時","発送日時","合計金額","郵便番号","都道府県","市区町村・丁目・番地","マンション・建物名・部屋番号","氏名","電話番号","商品ID / 数量 / 商品名"
"8796001","xxxxxxxx","楽天ペイ","支払済み","2019-03-28 23:59:48","2019-03-29 00:30:06","","865","","","","","","","商品ID : 1287772 / 数量 : 1 / アクリルキーホルダー（ルミニャリー）"
"8796002","yyyyyyyy","クレジットカード","支払済み","2019-03-28 23:51:39","2019-03-28 23:51:40","","865","","","","","","","商品ID : 1287776 / 数量 : 1 / Nyangress 薄い本 第5巻"
"8796003","zzzzzzzz","クレジットカード","支払済み","2019-03-28 22:00:44","2019-03-28 22:00:47","","2665","","","","","","","商品ID : 1287719 / 数量 : 1 / 缶バッチ2019 セット A（ダルサニャプライム）"
"8796004","aaaaaaa","楽天ペイ","支払済み","2019-03-28 21:59:48","2019-03-29 00:30:06","","865","","","","","","","商品ID : 1287772 / 数量 : 1 / アクリルキーホルダー（ルミニャリー）"
"8796005","bbbbbbb","クレジットカード","支払済み","2019-03-28 21:51:39","2019-03-28 23:51:40","","865","","","","","","","商品ID : 1287776 / 数量 : 1 / Nyangress 薄い本 第5巻"
"8796006","ccccccc","クレジットカード","支払済み","2019-03-28 21:00:44","2019-03-28 22:00:47","","2665","","","","","","","商品ID : 1287719 / 数量 : 1 / 缶バッチ2019 セット A（ダルサニャプライム）"
"8796007","ddddddd","楽天ペイ","支払済み","2019-03-28 20:59:48","2019-03-29 00:30:06","","865","","","","","","","商品ID : 1287772 / 数量 : 1 / アクリルキーホルダー（ルミニャリー）"
"8796008","eeeeeee","クレジットカード","支払済み","2019-03-28 20:51:39","2019-03-28 23:51:40","","865","","","","","","","商品ID : 1287776 / 数量 : 1 / Nyangress 薄い本 第5巻"
"8796009","fffffff","クレジットカード","支払済み","2019-03-28 20:00:44","2019-03-28 22:00:47","","2665","","","","","","","商品ID : 1287719 / 数量 : 1 / 缶バッチ2019 セット A（ダルサニャプライム）"
"8796010","ggggggg","楽天ペイ","支払済み","2019-03-28 19:59:48","2019-03-29 00:30:06","","865","","","","","","","商品ID : 1287772 / 数量 : 1 / アクリルキーホルダー（ルミニャリー）"
"8796011","hhhhhhh","クレジットカード","支払済み","2019-03-28 19:51:39","2019-03-28 23:51:40","","865","","","","","","","商品ID : 1287776 / 数量 : 1 / Nyangress 薄い本 第5巻"
"8796012","iiiiiii","クレジットカード","支払済み","2019-03-28 19:00:44","2019-03-28 22:00:47","","2665","","","","","","","商品ID : 1287719 / 数量 : 1 / 缶バッチ2019 セット A（ダルサニャプライム）"
"8796013","jjjjjjj","楽天ペイ","支払済み","2019-03-28 18:59:48","2019-03-29 00:30:06","","865","","","","","","","商品ID : 1287772 / 数量 : 1 / アクリルキーホルダー（ルミニャリー）"
"8796014","kkkkkkk","クレジットカード","支払済み","2019-03-28 18:51:39","2019-03-28 23:51:40","","865","","","","","","","商品ID : 1287776 / 数量 : 1 / Nyangress 薄い本 第5巻"
"8796015","lllllll","クレジットカード","支払済み","2019-03-28 18:00:44","2019-03-28 22:00:47","","2665","","","","","","","商品ID : 1287719 / 数量 : 1 / 缶バッチ2019 セット A（ダルサニャプライム）"
"8796016","mmmmmmm","楽天ペイ","支払済み","2019-03-28 17:59:48","2019-03-29 00:30:06","","865","","","","","","","商品ID : 1287772 / 数量 : 1 / アクリルキーホルダー（ルミニャリー）"
"8796017","nnnnnnn","クレジットカード","支払済み","2019-03-28 17:51:39","2019-03-28 23:51:40","","865","","","","","","","商品ID : 1287776 / 数量 : 1 / Nyangress 薄い本 第5巻"
"8796018","ooooooo","クレジットカード","支払済み","2019-03-28 17:00:44","2019-03-28 22:00:47","","2665","","","","","","","商品ID : 1287719 / 数量 : 1 / 缶バッチ2019 セット A（ダルサニャプライム）"
"8796019","ppppppp","楽天ペイ","支払済み","2019-03-28 16:59:48","2019-03-29 00:30:06","","865","","","","","","","商品ID : 1287772 / 数量 : 1 / アクリルキーホルダー（ルミニャリー）"
"8796020","qqqqqqq","クレジットカード","支払済み","2019-03-28 16:51:39","2019-03-28 23:51:40","","865","","","","","","","商品ID : 1287776 / 数量 : 1 / Nyangress 薄い本 第5巻"
"8796021","rrrrrrr","クレジットカード","支払済み","2019-03-28 16:00:44","2019-03-28 22:00:47","","2665","","","","","","","商品ID : 1287719 / 数量 : 1 / 缶バッチ2019 セット A（ダルサニャプライム）"
"8796022","sssssss","楽天ペイ","支払済み","2019-03-28 15:59:48","2019-03-29 00:30:06","","865","","","","","","","商品ID : 1287772 / 数量 : 1 / アクリルキーホルダー（ルミニャリー）"
"8796023","ttttttt","クレジットカード","支払済み","2019-03-28 15:51:39","2019-03-28 23:51:40","","865","","","","","","","商品ID : 1287776 / 数量 : 1 / Nyangress 薄い本 第5巻"
"8796024","uuuuuuu","クレジットカード","支払済み","2019-03-28 15:00:44","2019-03-28 22:00:47","","2665","","","","","","","商品ID : 1287719 / 数量 : 1 / 缶バッチ2019 セット A（ダルサニャプライム）"
"8796025","vvvvvvv","楽天ペイ","支払済み","2019-03-28 14:59:48","2019-03-29 00:30:06","","865","","","","","","","商品ID : 1287772 / 数量 : 1 / アクリルキーホルダー（ルミニャリー）"
"8796026","wwwwwww","クレジットカード","支払済み","2019-03-28 14:51:39","2019-03-28 23:51:40","","865","","","","","","","商品ID : 1287776 / 数量 : 1 / Nyangress 薄い本 第5巻"
"8796027","xxxxxxx","クレジットカード","支払済み","2019-03-28 14:00:44","2019-03-28 22:00:47","","2665","","","","","","","商品ID : 1287719 / 数量 : 1 / 缶バッチ2019 セット A（ダルサニャプライム）"
"8796028","yyyyyyy","楽天ペイ","支払済み","2019-03-28 13:59:48","2019-03-29 00:30:06","","865","","","","","","","商品ID : 1287772 / 数量 : 1 / アクリルキーホルダー（ルミニャリー）"
"8796029","zzzzzzz","クレジットカード","支払済み","2019-03-28 13:51:39","2019-03-28 23:51:40","","865","","","","","","","商品ID : 1287776 / 数量 : 1 / Nyangress 薄い本 第5巻"
"8796030","aaaaaab","クレジットカード","支払済み","2019-03-28 13:00:44","2019-03-28 22:00:47","","2665","","","","","","","商品ID : 1287719 / 数量 : 1 / 缶バッチ2019 セット A（ダルサニャプライム）"
"8796031","bbbbbbc","楽天ペイ","支払済み","2019-03-28 12:59:48","2019-03-29 00:30:06","","865","","","","","","","商品ID : 1287772 / 数量 : 1 / アクリルキーホルダー（ルミニャリー）"
"8796032","ccccccd","クレジットカード","支払済み","2019-03-28 12:51:39","2019-03-28 23:51:40","","865","","","","","","","商品ID : 1287776 / 数量 : 1 / Nyangress 薄い本 第5巻"
"8796033","dddddde","クレジットカード","支払済み","2019-03-28 12:00:44","2019-03-28 22:00:47","","2665","","","","","","","商品ID : 1287719 / 数量 : 1 / 缶バッチ2019 セット A（ダルサニャプライム）"
"8796034","eeeeeef","楽天ペイ","支払済み","2019-03-28 11:59:48","2019-03-29 00:30:06","","865","","","","","","","商品ID : 1287772 / 数量 : 1 / アクリルキーホルダー（ルミニャリー）"
"8796035","fffffffg","クレジットカード","支払済み","2019-03-28 11:51:39","2019-03-28 23:51:40","","865","","","","","","","商品ID : 1287776 / 数量 : 1 / Nyangress 薄い本 第5巻"
"8796036","ggggggh","クレジットカード","支払済み","2019-03-28 11:00:44","2019-03-28 22:00:47","","2665","","","","","","","商品ID : 1287719 / 数量 : 1 / 缶バッチ2019 セット A（ダルサニャプライム）"
"8796037","hhhhhhi","楽天ペイ","支払済み","2019-03-28 10:59:48","2019-03-29 00:30:06","","865","","","","","","","商品ID : 1287772 / 数量 : 1 / アクリルキーホルダー（ルミニャリー）"
"8796038","iiiiiiij","クレジットカード","支払済み","2019-03-28 10:51:39","2019-03-28 23:51:40","","865","","","","","","","商品ID : 1287776 / 数量 : 1 / Nyangress 薄い本 第5巻"
"8796039","jjjjjjjk","クレジットカード","支払済み","2019-03-28 10:00:44","2019-03-28 22:00:47","","2665","","","","","","","商品ID : 1287719 / 数量 : 1 / 缶バッチ2019 セット A（ダルサニャプライム）"
"8796040","kkkkkkl","楽天ペイ","支払済み","2019-03-28 09:59:48","2019-03-29 00:30:06","","865","","","","","","","商品ID : 1287772 / 数量 : 1 / アクリルキーホルダー（ルミニャリー）"
"8796041","llllllm","クレジットカード","支払済み","2019-03-28 09:51:39","2019-03-28 23:51:40","","865","","","","","","","商品ID : 1287776 / 数量 : 1 / Nyangress 薄い本 第5巻"
"8796042","mmmmmnn","クレジットカード","支払済み","2019-03-28 09:00:44","2019-03-28 22:00:47","","2665","","","","","","","商品ID : 1287719 / 数量 : 1 / 缶バッチ2019 セット A（ダルサニャプライム）"
"8796043","nnnnno","楽天ペイ","支払済み","2019-03-28 08:59:48","2019-03-29 00:30:06","","865","","","","","","","商品ID : 1287772 / 数量 : 1 / アクリルキーホルダー（ルミニャリー）"
"8796044","oooooop","クレジットカード","支払済み","2019-03-28 08:51:39","2019-03-28 23:51:40","","865","","","","","","","商品ID : 1287776 / 数量 : 1 / Nyangress 薄い本 第5巻"
"8796045","pppppq","クレジットカード","支払済み","2019-03-28 08:00:44","2019-03-28 22:00:47","","2665","","","","","","","商品ID : 1287719 / 数量 : 1 / 缶バッチ2019 セット A（ダルサニャプライム）"
"8796046","qqqqqr","楽天ペイ","支払済み","2019-03-28 07:59:48","2019-03-29 00:30:06","","865","","","","","","","商品ID : 1287772 / 数量 : 1 / アクリルキーホルダー（ルミニャリー）"
"8796047","rrrrrs","クレジットカード","支払済み","2019-03-28 07:51:39","2019-03-28 23:51:40","","865","","","","","","","商品ID : 1287776 / 数量 : 1 / Nyangress 薄い本 第5巻"
"8796048","ssssst","クレジットカード","支払済み","2019-03-28 07:00:44","2019-03-28 22:00:47","","2665","","","","","","","商品ID : 1287719 / 数量 : 1 / 缶バッチ2019 セット A（ダルサニャプライム）"
